[
  {
    "icon": "fa fa-home",
    "slug": "external",
    "title": "Volver al inicio",
    "path": "index.html"
  },  
  { 
    "id": 1,
    "icon": "fa fa-file-text",
    "slug": "tema-1",
    "title": "1. Acciones de mejora",
    "path": "pages/tema-1.html",    
    "submenu": [
      {
        "icon": "fa fa-file-text",
        "slug": "tema-1",
        "title": "1.1 Concepto y tipos",
        "anchor": "tema-1_1"
      },   
      {
        "icon": "fa fa-file-text",
        "slug": "tema-1",
        "title": "1.2 Metodologías ",
        "anchor": "tema-1_2"
      },
      {
        "icon": "fa fa-file-text",
        "slug": "tema-1",
        "title": "1.3 Importancia",
        "anchor": "tema-1_3"
      }   
    ]   
  }
]